{
  "name": "ao jun",
  "description": "a mech from war robots...",
  "speed": 0.7,
  "flying": true,
  "maxSpeed": 1.75,
  "boostSpeed": 0.75,
  "drawCell": true,
  "engineSize": 3.0,
  "engineOffset": 1,
  "hitsize": 10,
  "mass":5,
  "health": 15000,
  "itemCapacity": 4800,
  "buildPower": 2.5,
  "drillPower": 0.05,
  "mineSpeed": 0.05,
  "cellTrnsY": 0,
  "engineColor": "00ffff",
  "weaponOffsetY": 0,
  "baseRotateSpeed": 0.2,
  "rotateSpeed": 0.1,
  "weapon": {
    "name": "Nashorn",
 	"length": -2,
        "width": 5,
        "reload": 60,
		"recoil":3.2,
	"shake": 1,
        "shots": 5,
        "spacing": 0,
        "velocityRnd": 0.2,
        "inaccuracy": 0,
        "alternate": true,
        "bullet":{
			"type": "BasicBulletType",
			"hitEffect": "fire",
			"despawnEffect": "steam",
			"lifetime": 60,
			"speed": 50,
			"damage": 420,
			"frontColor": "CC00FF",
			"backColor": "FFFFAA",
			"keepVelocity":false,
		},
	"shootSound": "Nashorn1"
	}
	
}
