{
  "name": "bulwark",
  "description": "a mech from war robots...",
  "speed": 0.3,
  "boostSpeed": 3,
  "engineSize": 3.0,
  "engineOffset": 1,
  "hitsize": 10,
  "StatusEffect": "sheilded",
	"armorMultiplier": 3,
  "mass":5,
  "health": 135000,
  "itemCapacity": 4800,
  "buildPower": 100,
  "drillPower": 1000,
  "mineSpeed": 1000,
  "drawCell": true,
  "cellTrnsY": 0,
  "engineColor": "00ffff",
  "weaponOffsetY": 0,
  "baseRotateSpeed": 0.2,
  "rotateSpeed": 0.1,
  "weapon": {
    "name": "ember",
 	"length":-2,
        "width":5,
        "reload":1,
		"recoil":0.5,
        "shots":10,
        "spacing": 1,
        "velocityRnd": 0.2,
        "inaccuracy": 0.25,
        "alternate": true,
        "bullet":{
			"type": "BasicBulletType",
			"bulletSprite": "war-robots-mod-flare",
			"lifetime": 40,
			"drag": 0.25,
			"speed": 80,
			"damage": 17.5,
			"hitEffect": "fire",
			"despawnEffect": "melting",
			"spawnEffect": "smoke",
		},
	"shootSound": "flame"
	}
	
}
