{
  "name": "carnage",
  "description": "a mech from war robots...",
  "speed": 0.3,
  "boostSpeed": 0.9,
  "engineSize": 3.0,
  "engineOffset": 1,
  "hitsize": 10,
  "mass":155,
  "health": 17000,
  "itemCapacity": 4800,
  "buildPower": 2.5,
  "drillPower": 0.05,
  "mineSpeed": 0.05,
  "cellTrnsY": 0,
  "engineColor": "00ffff",
  "weaponOffsetY": 0,
  "baseRotateSpeed": 0.2,
  "rotateSpeed": 0.1,
  "weapon": {
    "name": "flux",
 	"length":-2,
        "width":5,
        "reload":0.1,
		"recoil":0,
        "shots":1,
        "spacing": 0,
        "velocityRnd": 0.2,
        "inaccuracy": 0,
        "alternate": true,
	"bullet": "lancerLaser",
	"hitEffect": "hitLancer",
	"despawnEffect": "steam",
	"lifetime": 60,
	"speed": 25,
	"damage": 435,
	"frontColor": "00FF00",
	"backColor": "00FF00",
	"keepVelocity":false,
			
	},
	"shootSound": "beam"
}

