{
  "name": "destrier",
  "description": "a mech from war robots...",
  "speed": 1.2,
  "boostSpeed": 1.4,
  "engineSize": 3.0,
  "engineOffset": 1,
  "hitsize": 10,
  "mass":5,
  "health": 1000,
  "itemCapacity": 4800,
  "buildPower": 2.5,
  "drillPower": 0.05,
  "mineSpeed": 0.05,
  "cellTrnsY": 0,
  "engineColor": "00ffff",
  "weaponOffsetY": 0,
  "baseRotateSpeed": 0.2,
  "rotateSpeed": 0.1,
  "weapon": {
    "name": "spark",
        "width":5,
		"recoil":0,
        "shots":1,
        "spacing": 1,
        "velocityRnd": 0.2,
        "inaccuracy": 0,
        "length": 5,
	"reload": 2,
	"alternate": true,
  	"bullet": "lightning",
	"damage": 1000,
	"shootSound": "spark",
	"homingPower":1,
	"homingRange":15
	}
}

