{
  "name": "fujin",
  "description": "A Spider Bot from the game War Robots.",
  "speed": 0.8,
  "boostSpeed": 0.95,
  "engineSize": 1.5,
  "engineOffset": 5,
  "hitsize": 8,
  "mass": 1,
  "health": 15000,
  "itemCapacity": 4800,
  "buildPower": 2.5,
  "drillPower": 1,
  "mineSpeed": 1.5,
  "cellTrnsY": 0,
  "engineColor": "8a47ff",
  "weaponOffsetY": 5,
  "baseRotateSpeed": 0.2,
  "rotateSpeed": 0.1,
  "weapon": {
    "name": "pulsar",
    "length": -2,
    "width": 5,
    "reload": 10,
    "recoil": 0.4,
    "shots": 1,
    "spacing": 0,
    "velocityRnd": 0.5,
    "inaccuracy": 0,
    "alternate": true,
    "bullet": {
   		"type": "BasicBulletType",
			"hitEffect": "hitLancer",
			"despawnEffect": "hitLancer",
			"lifetime": 80,
			"speed": 18,
			"damage": 222,
			"frontColor": "ad87ff",
			"backColor": "5507ff",
			"keepVelocity":false,
		},
	"shootSound": "Pulser"
	}
}