{
  "name": "invader",
  "description": "a weird spider that reduces incoming damage mech from war robots...",
  "speed": 1,
  "boostSpeed": 1.5,
  "engineSize": 3.0,
  "engineOffset": 1,
  "hitsize": 10,
  "mass":5,
  "health": 12500,
  "itemCapacity": 4800,
  "buildPower": 1000000,
  "drillPower": 1000000,
  "mineSpeed": 1000000,
  "cellTrnsY": 0,
  "engineColor": "00ffff",
  "weaponOffsetY": 0,
  "baseRotateSpeed": 0.2,
  "rotateSpeed": 0.1,
  "weapon": {
    "name": "magnum",
 	"length":-2,
        "width":5,
        "reload":40,
		"recoil":1.2,
        "shots":7,
        "spacing": 0,
        "velocityRnd": 0.2,
        "inaccuracy": 0,
        "alternate": true,
        "bullet":{
			"type": "BasicBulletType",
			"bulletSprite": "war-robots-mod-magnoosh",
			"hitEffect": "fire",
			"despawnEffect": "steam",
			"lifetime": 60,
			"speed": 25,
			"damage": 4200,
			"frontColor": "FF00FF",
			"backColor": "FFFF00",
			"keepVelocity":false,
		
		},
	"shootSound": "flame2"
	}
	
}
