{
  "name": "kid",
  "description": "AN AWESOME OP TITAN mech from war robots...",
  "speed": 0.6,
  "boostSpeed": 0.8,
  "engineSize": 3.0,
  "engineOffset": 1,
  "hitsize": 25,
  "mass":5,
  "health": 138000,
  "itemCapacity": 4800,
  "buildPower": 1000000,
  "drillPower": 1000000,
  "mineSpeed": 1000000,
  "cellTrnsY": 0,
  "engineColor": "00ffff",
  "weaponOffsetY": 0,
  "baseRotateSpeed": 0.2,
  "rotateSpeed": 0.1,
  "weapon": {
    "name": "avenger",
 	"length":-2,
        "width":5,
        "reload":7,
		"recoil":3.2,
        "shots":1,
        "spacing": 1,
        "velocityRnd": 0.2,
        "inaccuracy": 0,
        "alternate": true,
        "bullet":{
			"type": "BasicBulletType",
			"hitEffect": "hitLancer",
			"despawnEffect": "steam",
			"lifetime": 240,
			"speed": 7.8,
			"damage": 760,
			"frontColor": "00FFFF",
			"backColor": "00FFFF",
			"keepVelocity":false,
			"bulletWidth": 13,
			"bulletHeight": 25,
			
		},
	"shootSound": "artillery"
	}
	
}
