{
  "name": "nemesis",
  "description": "a quite powerful mech from war robots...",
  "speed": 0.9,
  "boostSpeed": 0.9,
  "engineSize": 3.0,
  "engineOffset": 1,
  "hitsize": 10,
  "mass":155,
  "health": 24000,
  "itemCapacity": 4800,
  "buildPower": 2.5,
  "drillPower": 0.05,
  "mineSpeed": 0.05,
  "cellTrnsY": 0,
  "engineColor": "00ffff",
  "weaponOffsetY": 0,
  "baseRotateSpeed": 0.2,
  "rotateSpeed": 0.1,
  "weapon": {
    "name": "dragoon",
 	"length":-2,
        "width":5,
        "reload":80,
		"recoil":3.2,
        "shots":15,
        "spacing": 0,
        "velocityRnd": 0.2,
        "inaccuracy": 0,
        "alternate": true,
        "bullet":{
			"type": "BasicBulletType",
			"bulletSprite": "war-robots-mod-dragoosh",
			"hitEffect": "hitLancer",
			"despawnEffect": "steam",
			"lifetime": 60,
			"speed": 25,
			"damage": 1370,
			"frontColor": "FF0000",
			"backColor": "FFFF00",
			"keepVelocity":false,
			
		},
	"shootSound": "laser"
	}
	
}
