{
  "name": "rajin",
  "description": "Another Spider Bot from the game War Robots.",
  "speed": 0.5,
  "boostSpeed": 1,
  "engineSize": 1.5,
  "engineOffset": 5,
  "hitsize": 8,
  "mass": 1,
  "health": 150000,
  "itemCapacity": 48000,
  "buildPower": 10000000,
  "drillPower": 10000000,
  "mineSpeed": 10000000,
  "cellTrnsY": 0,
  "engineColor": "8a47ff",
  "weaponOffsetY": 5,
  "baseRotateSpeed": 0.2,
  "rotateSpeed": 0.1,
  "weapon": {
    "name": "redeemer",
    "length": -2,
    "width": 5,
    "reload": 40,
    "recoil": 0.4,
    "shots": 11,
    "spacing": 0,
    "velocityRnd": 0.5,
    "inaccuracy": 0,
    "alternate": true,
    "bullet": {
   		"type": "BasicBulletType",
			"bulletSprite": "war-robots-mod-dragoosh",
			"hitEffect": "hitLancer",
			"despawnEffect": "hitLancer",
			"lifetime": 80,
			"speed": 18,
			"damage": 22222,
			"frontColor": "ad87ff",
			"backColor": "5507ff",
			"keepVelocity":false,
		},
	"shootSound": "laser"
	}
}