{
  "name": "rogotka",
  "description": "a mech from war robots...",
  "speed": 0.7,
  "boostSpeed": 2.2,
  "engineSize": 3.0,
  "engineOffset": 1,
  "hitsize": 10,
  "mass":5,
  "health": 15000,
  "itemCapacity": 4800,
  "buildPower": 2.5,
  "drillPower": 0.05,
  "mineSpeed": 0.05,
  "cellTrnsY": 0,
  "engineColor": "00ffff",
  "weaponOffsetY": 0,
  "baseRotateSpeed": 0.2,
  "rotateSpeed": 0.1,
  "weapon": {
    "name": "scourge",
 	"length":15,
        "width":5,
        "reload":1,
	"recoil":0,
        "shots":1,
        "spacing": 1,
        "velocityRnd": 0.2,
        "inaccuracy": 0,
        "alternate": true,
  	"bullet": "lightning",
	"damage": 9700,
	"shootSound": "spark",
	"homingPower":1,
	"homingRange":15
	},
"shootSound": "spark"	
}
