{
  "name": "ao jun",
  "description": "a mech from war robots...",
  "speed": 0.3,
  "boostSpeed": 1.15,
  "engineSize": 3.0,
  "engineOffset": 1,
  "hitsize": 10,
  "mass":5,
  "health": 15000,
  "itemCapacity": 4800,
  "buildPower": 2.5,
  "drillPower": 0.05,
  "mineSpeed": 0.05,
  "cellTrnsY": 0,
  "engineColor": "00ffff",
  "weaponOffsetY": 0,
  "baseRotateSpeed": 0.2,
  "rotateSpeed": 0.1,
  "weapon": {
    "name": "Nashorn",
 	"length":-2,
        "width":5,
        "reload":480,
		"recoil":3.2,
        "shots":1,
        "spacing": 1,
        "velocityRnd": 0.2,
        "inaccuracy": 0,
        "alternate": true,
        "bullet":{
			"type": "MissileBulletType",
			"hitEffect": "fire",
			"despawnEffect": "steam",
			"lifetime": 60,
			"speed": 50,
			"damage": 420,
			"frontColor": "FF0000",
			"backColor": "FFFF00",
			"keepVelocity":false,
			"splashDamage": 150,
			"splashDamageRadius": 20,
		},
	"shootSound": "Nashorn1"
	}
	
}
