{
  "name": "bulwark",
  "description": "a mech from war robots...",
  "speed": 0.3,
  "boostSpeed": 3,
  "engineSize": 3.0,
  "engineOffset": 1,
  "hitsize": 10,
  "mass":5,
  "health": 13500,
  "itemCapacity": 4800,
  "buildPower": 100,
  "drillPower": 0.05,
  "mineSpeed": 0.05,
  "cellTrnsY": 0,
  "engineColor": "00ffff",
  "weaponOffsetY": 0,
  "baseRotateSpeed": 0.2,
  "rotateSpeed": 0.1,
  "weapon": {
    "name": "avenger",
 	"length":-2,
        "width":5,
        "reload":1,
		"recoil":0,
        "shots":5,
        "spacing": 1,
        "velocityRnd": 0.2,
        "inaccuracy": 2,
        "alternate": true,
        "bullet":{
			"type": "MissileBulletType",
			"hitEffect": "hitLancer",
			"despawnEffect": "steam",
			"lifetime": 60,
			"speed": 50,
			"damage": 500,
			"frontColor": "FF0000",
			"backColor": "FFFF00",
			"keepVelocity":false,
			
		},
	"shootSound": "avenger"
	}
	
}
