{
  "name": "rogotka",
  "description": "a mech from war robots...",
  "speed": 0.7,
  "boostSpeed": 2.2,
  "engineSize": 3.0,
  "engineOffset": 1,
  "hitsize": 10,
  "mass":5,
  "health": 15000,
  "itemCapacity": 4800,
  "buildPower": 2.5,
  "drillPower": 0.05,
  "mineSpeed": 0.05,
  "cellTrnsY": 0,
  "engineColor": "00ffff",
  "weaponOffsetY": 0,
  "baseRotateSpeed": 0.2,
  "rotateSpeed": 0.1,
  "weapon": {
    "name": "storm",
 	"length":-2,
        "width":5,
        "reload":80,
		"recoil":3.2,
        "shots":24,
        "spacing": 1,
        "velocityRnd": 0.2,
        "inaccuracy": 0,
        "alternate": true,
        "bullet":{
			"type": "BasicBulletType",
			"hitEffect": "hitLancer",
			"despawnEffect": "steam",
			"lifetime": 60,
			"speed": 32,
			"damage": 95,
			"frontColor": "FF0000",
			"backColor": "FFFF00",
			"keepVelocity":false,
			
		},
	"shootSound": "storm"
	}
	
}
